,precision,recall,f1-score,support
0,0.7692307692307693,0.46511627906976744,0.5797101449275363,43.0
1,0.7628865979381443,0.925,0.8361581920903954,80.0
accuracy,0.7642276422764228,0.7642276422764228,0.7642276422764228,0.7642276422764228
macro avg,0.7660586835844567,0.6950581395348837,0.7079341685089658,123.0
weighted avg,0.7651044789591432,0.7642276422764228,0.7465056227570382,123.0
