,precision,recall,f1-score,support
0.0,0.8636363636363636,0.4418604651162791,0.5846153846153846,43.0
1.0,0.7623762376237624,0.9625,0.850828729281768,80.0
accuracy,0.7804878048780488,0.7804878048780488,0.7804878048780488,0.7804878048780488
macro avg,0.813006300630063,0.7021802325581395,0.7177220569485763,123.0
weighted avg,0.7977761190753222,0.7804878048780488,0.7577622754553088,123.0
