,precision,recall,f1-score,support
0,0.7241379310344828,0.4883720930232558,0.5833333333333334,43.0
1,0.7659574468085106,0.9,0.8275862068965517,80.0
accuracy,0.7560975609756098,0.7560975609756098,0.7560975609756098,0.7560975609756098
macro avg,0.7450476889214968,0.6941860465116279,0.7054597701149425,123.0
weighted avg,0.751337616090761,0.7560975609756098,0.7421969909354266,123.0
